PC,Proportion.Variance.Explained
1,0.0177922960427974
2,0.013408845028605204
3,0.0064203165032267005
4,0.004896615330597469
5,0.0037527290641870986
6,0.002299153573883411
7,0.0020264133669190545
8,0.0017714457887310444
9,0.0016116148291146566
10,0.0014742564392109512
