PC,Proportion.Variance.Explained
1,0.017071051952104874
2,0.013150581233722656
3,0.005879965853916997
4,0.004032036048297252
5,0.003636621624101705
6,0.001669402664981151
7,0.0015733268638983594
8,0.0013755175854342622
9,0.001201137341868752
10,0.0011135965714635563
