PC,Proportion.Variance.Explained
1,0.01809025058639903
2,0.014205190723311221
3,0.005999368073826594
4,0.004379262551586409
5,0.0038143513660515707
6,0.0022005359112121166
7,0.0018412441270554158
8,0.001657651045677866
9,0.0015036387796973564
10,0.0013020275231701163
